,Name,FixedByID,count
0,advisor| service attention,prasanna-padmanabhan,1
1,aks| azure ps team,erich-wang,2
2,aks| service attention,mboersma,2
3,aks| service attention,unknown,1
4,analysis services| netcore| service attention,athipp| taiwu,1
5,api management,solankisamir,2
6,api management| doc - reference| service attention,solankisamir,1
7,api management| service attention,darrelmiller| solankisamir,1
8,api management| service attention,solankisamir,17
9,api management| service attention,unknown,6
10,api management| service attention| bug,solankisamir,2
11,api management| service attention| feature-request,solankisamir,1
12,app services,panchagnula,1
13,app services| automation| service attention| automation-pm,nking92| eamonoreilly,1
14,app services| azure ps team,markcowl,1
15,app services| azure ps team| functions| service attention,dcaro| ahmedelnably,1
16,app services| azure ps team| service attention,cormacpayne,1
17,app services| compute| network| service attention,unknown,1
18,app services| doc - reference| service attention,panchagnula,1
19,app services| feature-request,panchagnula,1
20,app services| more info label,panchagnula,1
21,app services| service attention,ahmedelnably,4
22,app services| service attention,btardif,1
23,app services| service attention,kotasudhakarreddy,1
24,app services| service attention,nking92,3
25,app services| service attention,nking92| panchagnula,3
26,app services| service attention,panchagnula,24
27,app services| service attention,panchagnula| madsd,1
28,app services| service attention,rramachand21-zz| panchagnula,1
29,app services| service attention,ruslany,1
30,app services| service attention,unknown,30
31,app services| service attention| feature-request,ahmedelnably,1
32,app services| service attention| feature-request,panchagnula,2
33,app services| service attention| feature-request,thejachoudary,1
34,app services| service attention| ps1xml,panchagnula,1
35,app services| service attention| test debt,nking92,1
36,app services| service attention| test debt,panchagnula,2
37,app services| service attention| test debt,vinisoto,1
38,arm| app services| investigate mag| service attention,ravbhatnagar,1
39,arm| app services| service attention,unknown,1
40,arm| arm - core| arm - core triaged| doc - reference| service attention| feature-request,ravbhatnagar| tiano2017,1
41,arm| arm - core| arm - core triaged| service attention| bug,ravbhatnagar| tiano2017,1
42,arm| arm - core| arm - core triaged| service attention| test debt| bug,tiano2017,1
43,arm| arm - core| doc - reference| service attention| bug,tiano2017,1
44,arm| arm - core| policy| service attention| bug,ravbhatnagar| tiano2017,1
45,arm| arm - core| service attention| bug,ravbhatnagar,1
46,arm| azure ps team,cormacpayne,2
47,arm| azure ps team,markcowl,1
48,arm| azure ps team| doc - internal| service attention,markcowl| kirthik| ravbhatnagar,1
49,arm| azure ps team| service attention,cormacpayne,2
50,arm| azure ps team| service attention,unknown,1
51,arm| azure ps team| service attention| test tsar,miyanni,1
52,arm| doc - internal| service attention,ravbhatnagar,7
53,arm| doc - internal| service attention,unknown,6
54,arm| doc - reference| service attention,cormacpayne,1
55,arm| investigate mag| service attention,unknown,1
56,arm| more info label| service attention,kwill-msft,1
57,arm| more info label| service attention,unknown,8
58,arm| more info label| service attention,vivsriaus,1
59,arm| policy| service attention| bug,ravbhatnagar| tiano2017,1
60,arm| policy| service attention| feature-request,ravbhatnagar,1
61,arm| pull request open| service attention,cormacpayne,1
62,arm| resource authorization| service attention| ps1xml,cormacpayne,1
63,arm| service attention,cormacpayne,8
64,arm| service attention,cormacpayne| tiano2017,1
65,arm| service attention,darshanhs90,1
66,arm| service attention,gandhiniraj,3
67,arm| service attention,markcowl,1
68,arm| service attention,markcowl| ravbhatnagar,1
69,arm| service attention,ravbhatnagar,20
70,arm| service attention,ravbhatnagar| cormacpayne,1
71,arm| service attention,ravbhatnagar| maddieclayton,1
72,arm| service attention,unknown,86
73,arm| service attention,vivsriaus,1
74,arm| service attention| feature-request,unknown,2
75,arm| service attention| versioning,unknown,1
76,authorization| azure ps team,veryearly| isra-fel,1
77,automation| azure ps team| compute| compute - vm| service attention| automation-dsc,vrdmr| hyonholee,1
78,automation| azure ps team| netcore| service attention,vrdmr| miyanni,1
79,automation| doc - reference| service attention,mgreenegit| ganeshmsazure| avkaur,1
80,automation| doc - reference| service attention| automation-dsc,vrdmr,1
81,automation| resolution - backlog| service attention| automation-modules| bug,vikram-m,1
82,automation| resolution - backlog| service attention| bug,vikram-m,1
83,automation| resolution - wont fix| service attention| automation-dsc,ganeshmsazure| nitinbps,1
84,automation| service attention,bpoe| safeermohammed,1
85,automation| service attention,cormacpayne,1
86,automation| service attention,ganeshmsazure,1
87,automation| service attention,ganeshmsazure| thomasyip-msft,1
88,automation| service attention,safeermohammed,1
89,automation| service attention,safeermohammed| eamonoreilly,2
90,automation| service attention,safeermohammed| najams,1
91,automation| service attention,sourabhguha| ganeshmsazure,1
92,automation| service attention,unknown,21
93,automation| service attention,vrdmr,5
94,automation| service attention,vrdmr| safeermohammed,3
95,automation| service attention,vrdmr| safeermohammed| najams,1
96,automation| service attention| automation-cheetah,safeermohammed,1
97,automation| service attention| automation-cheetah,safeermohammed| eamonoreilly,1
98,automation| service attention| automation-cheetah,unknown,5
99,automation| service attention| automation-cheetah,vrdmr,1
100,automation| service attention| automation-dsc,avkaur,1
101,automation| service attention| automation-dsc,ganeshmsazure| nitinbps,1
102,automation| service attention| automation-dsc,ganeshmsazure| thomasyip-msft,1
103,automation| service attention| automation-dsc,mgreenegit| eshaparmar| ganeshmsazure| avkaur,1
104,automation| service attention| automation-dsc,mgreenegit| ganeshmsazure,2
105,automation| service attention| automation-dsc,mgreenegit| ganeshmsazure| avkaur,2
106,automation| service attention| automation-dsc,nitinbps,1
107,automation| service attention| automation-dsc,sourabhguha| ganeshmsazure,2
108,automation| service attention| automation-dsc,vrdmr,2
109,automation| service attention| automation-dsc,vrdmr| avkaur,1
110,automation| service attention| automation-dsc,vrdmr| safeermohammed,1
111,automation| service attention| automation-elephant,vrdmr| anatolib| d1v38om83r,1
112,automation| service attention| automation-leads,finiteattractor,1
113,automation| service attention| automation-leads,unknown,2
114,automation| service attention| automation-pm,csand-msft| eamonoreilly,1
115,automation| service attention| feature-request,safeermohammed,1
116,automation| service attention| storage,csand-msft| ganeshmsazure,1
117,automation| service attention| test debt,finiteattractor,1
118,automation| service attention| test debt,sourabhguha,1
119,automation| service attention| test debt| automation-dsc,vrdmr,2
120,automation| service attention| up for grabs| automation-modules,safeermohammed| eamonoreilly| thomasyip-msft,1
121,automation| service attention| up for grabs| automation-modules,sourabhguha| ganeshmsazure| thomasyip-msft,1
122,azure ps team,cormacpayne,42
123,azure ps team,cormacpayne| vladimir-shcherbakov| maddieclayton| praries880,1
124,azure ps team,devigned,1
125,azure ps team,georgeedwards,1
126,azure ps team,hovsepm,10
127,azure ps team,hyonholee| singhkays| praries880,1
128,azure ps team,imtiazh,1
129,azure ps team,kirthik,1
130,azure ps team,maddieclayton,30
131,azure ps team,markcowl,31
132,azure ps team,markcowl| cormacpayne,1
133,azure ps team,miyanni,10
134,azure ps team,niander,1
135,azure ps team,praries880,4
136,azure ps team,sergey-shandar,10
137,azure ps team,shahabhijeet,5
138,azure ps team,solankisamir,1
139,azure ps team,twitchax,14
140,azure ps team,twitchax| maddieclayton,1
141,azure ps team,twitchax| praries880,1
142,azure ps team,unknown,141
143,azure ps team,vladimir-shcherbakov,3
144,azure ps team| azure stack| first week,cormacpayne,1
145,azure ps team| azure stack| module bootstrapper| service attention| versioning,bganapa,1
146,azure ps team| azure stack| service attention,markcowl,1
147,azure ps team| azure stack| service attention,unknown,2
148,azure ps team| batch| compliance| service attention| feature-request,dcaro,1
149,azure ps team| compute,maddieclayton,2
150,azure ps team| compute,unknown,1
151,azure ps team| compute| compute - extensions| service attention,hyonholee| maddieclayton| danielsollondon,1
152,azure ps team| compute| compute - vm,markcowl| niander,1
153,azure ps team| compute| compute - vm,niander,1
154,azure ps team| compute| engineering,unknown,1
155,azure ps team| compute| pull request open,hyonholee,1
156,azure ps team| compute| service attention,hyonholee| maddieclayton,1
157,azure ps team| compute| service attention,maddieclayton,1
158,azure ps team| compute| service attention| storage,hyonholee| blueww,1
159,azure ps team| convenience| netcore| ramp up,maddieclayton,1
160,azure ps team| customer experience,maddieclayton,3
161,azure ps team| customer experience,niander,1
162,azure ps team| customer experience| doc - conceptual| ramp up,markcowl,1
163,azure ps team| customer experience| experiment microscope| multi-sprint,maddieclayton,1
164,azure ps team| customer experience| multi-sprint| sprint candidate,unknown,2
165,azure ps team| customer experience| pull request open,maddieclayton,1
166,azure ps team| doc - conceptual,cormacpayne,1
167,azure ps team| doc - conceptual,unknown,1
168,azure ps team| doc - conceptual| doc - reference,miyanni,1
169,azure ps team| doc - internal,cormacpayne,1
170,azure ps team| doc - internal,markcowl,2
171,azure ps team| doc - internal,twitchax,1
172,azure ps team| doc - internal,unknown,3
173,azure ps team| doc - internal| engineering,cormacpayne,1
174,azure ps team| doc - internal| engineering,unknown,1
175,azure ps team| doc - internal| ramp up,vladimir-shcherbakov,1
176,azure ps team| doc - reference,maddieclayton,3
177,azure ps team| doc - reference,miyanni,1
178,azure ps team| doc - reference,praries880,1
179,azure ps team| doc - reference,twitchax,3
180,azure ps team| doc - reference| engineering,maddieclayton,1
181,azure ps team| doc - reference| pull request open,maddieclayton,1
182,azure ps team| engineering,cormacpayne,11
183,azure ps team| engineering,maddieclayton,4
184,azure ps team| engineering,maddieclayton| matthchr| antoniowmsft,1
185,azure ps team| engineering,markcowl| maddieclayton,2
186,azure ps team| engineering,miyanni,2
187,azure ps team| engineering,praries880,1
188,azure ps team| engineering,shahabhijeet,1
189,azure ps team| engineering,unknown,16
190,azure ps team| engineering,vladimir-shcherbakov,3
191,azure ps team| engineering| multi-sprint| netcore,miyanni,1
192,azure ps team| engineering| netcore,cormacpayne,1
193,azure ps team| engineering| netcore,markcowl,4
194,azure ps team| engineering| netcore,miyanni,2
195,azure ps team| engineering| netcore,unknown,2
196,azure ps team| engineering| pairing,markcowl,1
197,azure ps team| engineering| pull request open| second week,unknown,1
198,azure ps team| engineering| ramp up,unknown,1
199,azure ps team| engineering| second week,vladimir-shcherbakov,1
200,azure ps team| engineering| sprint candidate,maddieclayton,1
201,azure ps team| engineering| sprint candidate,unknown,2
202,azure ps team| engineering| test debt,cormacpayne,1
203,azure ps team| engineering| test tsar,unknown,1
204,azure ps team| experiment microscope,sergey-shandar,1
205,azure ps team| feature-request,cormacpayne,1
206,azure ps team| feature-request,unknown,2
207,azure ps team| first week,maddieclayton,1
208,azure ps team| first week,markcowl,1
209,azure ps team| first week,miyanni,1
210,azure ps team| first week| netcore,cormacpayne,1
211,azure ps team| first week| netcore,maddieclayton,1
212,azure ps team| first week| netcore,markcowl,1
213,azure ps team| generator| investigate mag,unknown,1
214,azure ps team| generator| multi-sprint,unknown,1
215,azure ps team| generator| multi-sprint| profiles,unknown,2
216,azure ps team| generator| p2| feature-request,wyunchi-ms,1
217,azure ps team| icm related item,cormacpayne,1
218,azure ps team| icm related item,unknown,2
219,azure ps team| icm related item| ramp up,maddieclayton,1
220,azure ps team| icm related item| ramp up,markcowl,1
221,azure ps team| investigate mag,cormacpayne,6
222,azure ps team| investigate mag,maddieclayton,1
223,azure ps team| investigate mag,markcowl,12
224,azure ps team| investigate mag,shahabhijeet,3
225,azure ps team| investigate mag,twitchax,2
226,azure ps team| investigate mag,twitchax| markcowl,1
227,azure ps team| investigate mag,unknown,16
228,azure ps team| investigate mag| feature-request,cormacpayne,1
229,azure ps team| investigate mag| monitor - activitylogs,gucalder| veryearly,1
230,azure ps team| investigate mag| more info label,artisticcheese,1
231,azure ps team| investigate mag| more info label,cormacpayne,1
232,azure ps team| investigate mag| more info label,ericbourland,1
233,azure ps team| investigate mag| more info label,tlisiecki,1
234,azure ps team| investigate mag| more info label,unknown,3
235,azure ps team| investigate mag| pairing,twitchax,1
236,azure ps team| investigate mag| recovery services| service attention,maddieclayton,1
237,azure ps team| keyvault,unknown,1
238,azure ps team| keyvault| customer-reported| feature-request,unknown,1
239,azure ps team| keyvault| more info label| customer-reported,jasonmv,1
240,azure ps team| keyvault| service attention,unknown,1
241,azure ps team| keyvault| service| feature-request| ps1xml,isra-fel,1
242,azure ps team| module bootstrapper| versioning,markcowl,1
243,azure ps team| module bootstrapper| versioning,viananth,1
244,azure ps team| more info label,abatishchev,1
245,azure ps team| more info label,ankushbindlish2,1
246,azure ps team| more info label,cefranlly,1
247,azure ps team| more info label,claudiafergus,1
248,azure ps team| more info label,d1v38om83r,1
249,azure ps team| more info label,ericbourland,1
250,azure ps team| more info label,ggirard07,1
251,azure ps team| more info label,huangpf,1
252,azure ps team| more info label,kduraira,1
253,azure ps team| more info label,markcowl,1
254,azure ps team| more info label,maximotrinidad,1
255,azure ps team| more info label,mxplusb,1
256,azure ps team| more info label,naveenkumarjagtab,1
257,azure ps team| more info label,paylocity-sflanders,1
258,azure ps team| more info label,poetzelsbergerfranz,1
259,azure ps team| more info label,sid1260,1
260,azure ps team| more info label,sndkr,1
261,azure ps team| more info label,somilganguly,1
262,azure ps team| more info label,tarjei99,1
263,azure ps team| more info label,toddrob,1
264,azure ps team| more info label,unknown,12
265,azure ps team| more info label,v-tisheg,1
266,azure ps team| more info label,wolfeno,1
267,azure ps team| more info label,xenalite,1
268,azure ps team| msal,unknown,1
269,azure ps team| multi-sprint,markcowl,1
270,azure ps team| multi-sprint,miyanni,1
271,azure ps team| multi-sprint| netcore,jasonrshaver,1
272,azure ps team| multi-sprint| netcore,markcowl,1
273,azure ps team| multi-sprint| netcore,miyanni,1
274,azure ps team| netcore,cormacpayne,4
275,azure ps team| netcore,maddieclayton,10
276,azure ps team| netcore,markcowl,4
277,azure ps team| netcore,markcowl| miyanni,1
278,azure ps team| netcore,markcowl| sphibbs,2
279,azure ps team| netcore,miyanni,18
280,azure ps team| netcore,sphibbs,1
281,azure ps team| netcore,twitchax,1
282,azure ps team| netcore,twitchax| miyanni,1
283,azure ps team| netcore,unknown,3
284,azure ps team| netcore| pull request open,maddieclayton,2
285,azure ps team| netcore| ramp up,cormacpayne,1
286,azure ps team| netcore| versioning,cormacpayne,1
287,azure ps team| netcore| versioning,markcowl,1
288,azure ps team| netcore| versioning,markcowl| bganapa,1
289,azure ps team| network| service attention,cormacpayne| praries880,1
290,azure ps team| network| service attention,mikhailtryakhov| praries880,1
291,azure ps team| p0,veryearly,1
292,azure ps team| pairing,cormacpayne,1
293,azure ps team| pairing,unknown,1
294,azure ps team| pairing| versioning,unknown,2
295,azure ps team| pull request open,maddieclayton,2
296,azure ps team| pull request open| test debt,cormacpayne,1
297,azure ps team| pull request open| test debt,maddieclayton,1
298,azure ps team| ramp up,maddieclayton,2
299,azure ps team| ramp up,miyanni,2
300,azure ps team| ramp up,unknown,1
301,azure ps team| ramp up,vladimir-shcherbakov,1
302,azure ps team| ramp up| sprint candidate,praries880,1
303,azure ps team| ramp up| versioning,miyanni,1
304,azure ps team| resource authorization,cormacpayne,1
305,azure ps team| resource authorization| service attention,unknown,1
306,azure ps team| service attention| storage,unknown,2
307,azure ps team| strategy library,sergey-shandar| praries880,1
308,azure ps team| test debt,maddieclayton,1
309,azure ps team| test debt,unknown,1
310,azure ps team| versioning,bganapa,1
311,azure ps team| versioning,cormacpayne,6
312,azure ps team| versioning,markcowl,2
313,azure ps team| versioning,unknown,7
314,azure ps team| versioning,viananth,1
315,azure stack,bganapa,1
316,azure stack,deathly809,2
317,azure stack| module bootstrapper| service attention,viananth,1
318,azure stack| module bootstrapper| service attention| versioning,viananth,1
319,azure stack| resource authorization| service attention,darshanhs90,1
320,azure stack| service attention,bganapa,18
321,azure stack| service attention,cormacpayne,1
322,azure stack| service attention,deathly809| bganapa,1
323,azure stack| service attention,deathly809| knithinc,5
324,azure stack| service attention,maddieclayton,1
325,azure stack| service attention,markcowl,1
326,azure stack| service attention,unknown,1
327,azure stack| service attention,viananth,1
328,azure stack| service attention| versioning,bganapa,1
329,azure stack| service attention| versioning,mtandon80,1
330,batch| doc - reference| service attention,matthchr,1
331,batch| service attention,brnleehng| matthchr,1
332,batch| service attention,matthchr,3
333,batch| service attention,unknown,1
334,blueprint| service attention,filizt,1
335,compute - extensions| service attention,danielsollondon,1
336,compute - extensions| service attention,mssedusch,1
337,compute - extensions| service attention| bug,danielsollondon,2
338,compute - extensions| service attention| bug,eshaparmar,1
339,compute - extensions| service attention| bug,eshaparmar| danielsollondon,1
340,compute - extensions| service attention| feature-request,eshaparmar,1
341,compute - extensions| service attention| test debt| feature-request,chhabaramesh,1
342,compute - images| service attention,hyonholee,1
343,compute - images| service attention,singhkays,1
344,compute - images| service attention| feature-request,unknown,1
345,compute - managed disks| service attention| bug,hyonholee| singhkays,1
346,compute - managed disks| service attention| feature-request,singhkays| chagarw,1
347,compute - vmss| service attention,hyonholee| praries880,1
348,compute - vmss| service attention| bug,alpon,1
349,compute - vmss| service attention| bug,ejarvi,1
350,compute - vmss| service attention| bug,hyonholee,2
351,compute - vm| doc - reference| service attention| feature-request,hyonholee,1
352,compute - vm| doc - reference| service attention| question,hyonholee,1
353,compute - vm| doc - reference| service attention| question,unknown,1
354,compute - vm| service attention,huangpf,1
355,compute - vm| service attention,hyonholee| praries880,1
356,compute - vm| service attention| bug,hyonholee,6
357,compute - vm| service attention| bug,koralski| hyonholee| savyasachisamal,1
358,compute - vm| service attention| bug,koralski| savyasachisamal,2
359,compute - vm| service attention| bug,unknown,1
360,compute - vm| service attention| test tsar| bug,hyonholee,1
361,compute| compute - extensions| pull request open| service attention,maddieclayton| danielsollondon,1
362,compute| compute - extensions| service attention,danielsollondon,1
363,compute| compute - managed disks| service attention,hyonholee,1
364,compute| compute - vm,hyonholee,1
365,compute| compute - vmss| service attention,praries880,1
366,compute| compute - vm| more info label| service attention,srjennings,1
367,compute| compute - vm| pull request open| service attention,maddieclayton,1
368,compute| compute - vm| service attention,hyonholee,2
369,compute| compute - vm| service attention,hyonholee| gbowerman,1
370,compute| compute - vm| service attention,hyonholee| maddieclayton,1
371,compute| compute - vm| service attention,hyonholee| praries880,1
372,compute| compute - vm| service attention,singhkays,1
373,compute| compute - vm| service attention| bug,hyonholee,1
374,compute| doc - reference| service attention,hyonholee,1
375,compute| doc - reference| service attention| question,hyonholee,1
376,compute| generator| pull request open,maddieclayton,1
377,compute| network| service attention,singhkays,1
378,compute| platform feature request| service attention,unknown,2
379,compute| service attention,huangpf,5
380,compute| service attention,hyonholee,17
381,compute| service attention,hyonholee| gbowerman,1
382,compute| service attention,hyonholee| huangpf,1
383,compute| service attention,hyonholee| huangpf| praries880,1
384,compute| service attention,hyonholee| singhkays,2
385,compute| service attention,maddieclayton,1
386,compute| service attention,markcowl,1
387,compute| service attention,nimishas,1
388,compute| service attention,singhkays,18
389,compute| service attention,unknown,46
390,compute| service attention| feature-request,alpon,1
391,compute| service attention| ps1xml,hyonholee| praries880,1
392,compute| service attention| question,hyonholee,1
393,compute| service attention| test debt| feature-request,hyonholee| huangpf,1
394,consumption| service attention,ms-premp,2
395,consumption| service attention| question,ms-premp,1
396,container registry| service attention,djyou,1
397,cosmos| service attention| customer-reported| feature-request,unknown,1
398,data factory| netcore| service attention,zhangyd2015,1
399,data factory| service attention,hvermis,1
400,data factory| service attention,jackmagic313| hvermis,2
401,data lake store| service attention,rahuldutta90,2
402,data lake| more info label| service attention,matt1883,1
403,data lake| netcore| service attention,matt1883| rahuldutta90,1
404,data lake| service attention,rahuldutta90,1
405,data lake| service attention,unknown,1
406,devtest labs| service attention,iouri-s| ryanvog,1
407,doc - conceptual,markcowl| sdwheeler,1
408,doc - conceptual| feature-request,dcaro,1
409,doc - internal,cormacpayne,1
410,doc - internal,sdwheeler,1
411,doc - internal| network| service attention,unknown,1
412,doc - reference,unknown,1
413,doc - reference| hdinsight| service attention| bug,idear1203| aim-for-better,1
414,doc - reference| monitor| service attention,gucalder| sdwheeler,1
415,doc - reference| network| service attention,anton-evseev,1
416,doc - reference| network| service attention,ritwikbasu,1
417,doc - reference| network| service attention,unknown,1
418,doc - reference| recovery services backup| service attention,dragonfly91,1
419,doc - reference| scheduler| service attention,derek1ee,1
420,doc - reference| service attention| storage,blueww,2
421,doc - reference| service attention| storage,sdwheeler,1
422,doc - reference| sql| service attention,giladmit,1
423,doc - reference| sql| service attention,jaredmoo,1
424,event hubs| service attention,v-ajnava,1
425,experiment microscope,markcowl,1
426,experiment microscope,sergey-shandar,3
427,functions| service attention,dcaro| ahmedelnably,1
428,generator| feature-request,miyanni,1
429,graph| resource authorization| service attention,darshanhs90,3
430,hdinsight| service attention,pattipaka,2
431,hdinsight| service attention,unknown,4
432,hdinsight| service attention| bug,idear1203| aim-for-better,1
433,hdinsight| service attention| bug,idear1203| epkalyanr,1
434,hdinsight| service attention| bug| customer-response-expected,idear1203,1
435,hdinsight| service attention| feature-request,idear1203,1
436,hdinsight| service attention| feature-request,idear1203| aim-for-better,1
437,investigate mag,cormacpayne,1
438,investigate mag,kringen,1
439,investigate mag,markcowl,2
440,investigate mag,unknown,2
441,investigate mag| more info label,markcowl,1
442,investigate mag| resource authorization| service attention,cormacpayne,1
443,iothub| service attention,rkmanda,3
444,iothub| service attention| bug,iluican| rkmanda| anusapan,1
445,keyvault,maddieclayton,1
446,keyvault,schaabs,1
447,keyvault,unknown,1
448,keyvault| more info label| service attention,maddieclayton| dragav,1
449,keyvault| resource authorization| service attention,darshanhs90,1
450,keyvault| service attention,dragav,3
451,keyvault| service attention,maddieclayton,6
452,keyvault| service attention,maddieclayton| dragav,2
453,keyvault| service attention,randallilama,1
454,keyvault| service attention,randallilama| dragav,2
455,keyvault| service attention,randallilama| maddieclayton,1
456,keyvault| service attention,randallilama| maddieclayton| dragav,1
457,keyvault| service attention,randallilama| maddieclayton| schaabs| prashanthyv,1
458,keyvault| service attention,schaabs,1
459,keyvault| service attention,unknown,14
460,logic app| service attention,maddieclayton,1
461,media services| service attention,unknown,1
462,module bootstrapper,markcowl,5
463,module bootstrapper,markcowl| viananth,1
464,module bootstrapper,unknown,2
465,module bootstrapper,viananth,9
466,module bootstrapper| versioning,markcowl,1
467,module bootstrapper| versioning,viananth,1
468,monitor - activitylogs| service attention,gucalder,1
469,monitor - autoscale| service attention,gucalder,1
470,monitor - diagnostic settings| service attention,gucalder,2
471,monitor - metrics| service attention,gucalder,2
472,monitor - metrics| service attention,gucalder| kevinblasko| vgorbenko,1
473,monitor - operational insights| service attention,haitch,1
474,monitor - operational insights| service attention,unknown,4
475,monitor| service attention,asheniam,2
476,monitor| service attention,asheniam| gucalder,1
477,monitor| service attention,gucalder,7
478,monitor| service attention,shahabhijeet,1
479,monitor| service attention,unknown,3
480,monitor| service attention| feature-request,unknown,1
481,monitor| service attention| test debt,gucalder,1
482,more info label,alvipeo,1
483,more info label,arlevitt,1
484,more info label,bholzmmc,1
485,more info label,blackbaud-shaydenofziger,1
486,more info label,claytonmartin,1
487,more info label,cormacpayne,2
488,more info label,davenewza,1
489,more info label,dingliu,1
490,more info label,ebmarquez,1
491,more info label,eosho,1
492,more info label,erich-wang,1
493,more info label,hothotsyu,1
494,more info label,imeya,1
495,more info label,intotskie,1
496,more info label,isaacegglestone,1
497,more info label,itsramz,1
498,more info label,jillrebecca,1
499,more info label,jrgithub,1
500,more info label,kaushalp,1
501,more info label,leowumsft,1
502,more info label,liadlev,1
503,more info label,markcowl,3
504,more info label,mateusamin,1
505,more info label,mosharafms,1
506,more info label,polischuk,1
507,more info label,ravilolam,1
508,more info label,roshankumarmicrosoft,1
509,more info label,tarameyer| sdwheeler,1
510,more info label,unknown,5
511,more info label,vsadams,1
512,more info label| network - application gateway,gheibia,1
513,more info label| network| service attention,brandonstiff,1
514,more info label| recovery services site-recovery| service attention,viverm,1
515,more info label| resource authorization,mattcowen,1
516,more info label| sql| service attention,zhiweiv,1
517,netcore,markcowl,2
518,netcore,unknown,2
519,netcore| recovery services backup| service attention,dragonfly91,1
520,netcore| recovery services| recovery services site-recovery| service attention,dragonfly91| viverm,1
521,netcore| redis cache| service attention,siddharthchatrolams| miyanni,1
522,netcore| service attention| service fabric,vaishnavk| juhacket,1
523,netcore| sql| service attention,akromm| jaredmoo,1
524,network,mikhailtryakhov| miyanni,1
525,network - cdn| service attention| bug,lsmith130,1
526,network - dns| service attention,cormacpayne,1
527,network - dns| service attention,markcowl,1
528,network - expressroute| service attention,unknown,1
529,network - traffic manager| service attention,allencal,1
530,network - traffic manager| service attention,unknown,5
531,network| network - application gateway| service attention,akshaysngupta,3
532,network| network - dns| service attention,karravi-msft,1
533,network| network - expressroute| service attention,dihan0604| dedhar| vinayada1,1
534,network| network - load balancer| service attention,mikhailtryakhov| praries880,1
535,network| network - load balancer| service attention| bug,gmainar,1
536,network| network - network watcher| service attention,irrogozh,1
537,network| network - network watcher| service attention| test debt,irrogozh,1
538,network| network - traffic manager| service attention,rohinkoul,2
539,network| service attention,am018,2
540,network| service attention,avijitgupta| chandrasekarsrinivasan,2
541,network| service attention,lamchester,1
542,network| service attention,maddieclayton,1
543,network| service attention,markjbrown,7
544,network| service attention,mikhailtryakhov,2
545,network| service attention,miyanni,1
546,network| service attention,neaggarwms,1
547,network| service attention,nilambari,2
548,network| service attention,tylerd| cormacpayne,1
549,network| service attention,unknown,47
550,network| service attention| ps1xml,mikhailtryakhov,1
551,network| service attention| test debt,dihan0604,1
552,network| service attention| test debt,vinatara,1
553,policy| resource authorization| service attention,darshanhs90| tiano2017,1
554,policy| service attention,tiano2017,1
555,rdfe,cormacpayne,1
556,recovery services backup| service attention,dragonfly91,3
557,recovery services backup| service attention,dragonfly91| mkherani| pragrawa,2
558,recovery services backup| service attention,unknown,1
559,recovery services backup| service attention| customer-response-expected| feature-request,siddharth7,1
560,recovery services site-recovery| service attention,sriramvu,4
561,recovery services site-recovery| service attention,viverm,11
562,recovery services| recovery services backup| recovery services site-recovery| service attention,dragonfly91| viverm,1
563,recovery services| service attention,dragonfly91,1
564,recovery services| service attention,sriramvu,1
565,recovery services| service attention,unknown,6
566,recovery services| service attention,viverm,2
567,redis cache| service attention,siddharthchatrolams,4
568,resource authorization| service attention,cormacpayne,2
569,resource authorization| service attention,darshanhs90,13
570,resource authorization| service attention,darshanhs90| grlin,1
571,resource authorization| service attention,darshanhs90| sneivandt,1
572,resource authorization| service attention,unknown,16
573,resource authorization| service attention| test debt,darshanhs90,1
574,resource graph| service attention,demyanenko,1
575,scheduler| service attention,derek1ee,5
576,scheduler| service attention,unknown,2
577,search| service attention,felixwa,2
578,security| service attention,chlahav,1
579,security| service attention| customer-reported,chlahav,1
580,service attention,gucalder,1
581,service attention| service bus,sazeesha| v-ajnava,1
582,service attention| service bus,unknown,6
583,service attention| service bus,v-ajnava,8
584,service attention| service bus| customer-response-expected| feature-request,v-ajnava,1
585,service attention| service bus| question,axisc| v-ajnava,1
586,service attention| service fabric,a-santamaria,1
587,service attention| service fabric,a-santamaria| tassaduqbasu,1
588,service attention| service fabric,jagilber,1
589,service attention| service fabric,juhacket,1
590,service attention| service fabric,vaishnavk| juhacket,1
591,service attention| service fabric| test debt,juhacket,1
592,service attention| storage,blueww,16
593,service attention| storage,cormacpayne| miyanni,1
594,service attention| storage,emmazhu,1
595,service attention| storage,hyonholee,1
596,service attention| storage,markcowl,1
597,service attention| storage,markcowl| cormacpayne| blueww,1
598,service attention| storage,miyanni,1
599,service attention| storage,seguler,1
600,service attention| storage,unknown,16
601,service attention| storage,vincent81-jiang,2
602,service attention| storage,vinjiang,2
603,service attention| storage| bug,blueww,1
604,service attention| storage| feature-request,blueww,2
605,service attention| storage| feature-request,vincent81-jiang,1
606,service attention| storage| ps1xml,vladimir-shcherbakov,1
607,service attention| subscription,wilcobmsft,1
608,sql| service attention,akromm,15
609,sql| service attention,akromm| jaredmoo,2
610,sql| service attention,akromm| yaakoviyun,1
611,sql| service attention,jamestao,1
612,sql| service attention,jaredmoo,1
613,sql| service attention,unknown,18
614,sql| service attention,yaakoviyun,2
615,sql| service attention| bug,akromm| jaredmoo,1
616,sql| service attention| question,maboja-msft,1
617,sql| service attention| test debt,jaredmoo,1
618,sql| service attention| test debt,yaakoviyun,1
619,sql| service attention| test debt| feature-request,tomapaunovic,1
620,sql| service attention| test debt| feature-request,yaakoviyun,1
621,sql| sql - backup   restore| service attention| test debt| feature-request,pixia,1
622,sql| sql - data security| service attention| question,ranisha2,1
623,storage,blueww,2
624,storagesync,unknown,2
625,unknown,adarce,1
626,unknown,cormacpayne,16
627,unknown,devigned| sphibbs,1
628,unknown,fearthecowboy,1
629,unknown,guangyang,1
630,unknown,huangpf,1
631,unknown,maddieclayton,2
632,unknown,markcowl,20
633,unknown,markcowl| miyanni,1
634,unknown,praries880,1
635,unknown,shahabhijeet,12
636,unknown,twitchax,1
637,unknown,unknown,248
638,unknown,viananth,2
639,versioning,bganapa,2
640,versioning,cormacpayne,2
641,versioning,markcowl| bganapa,1
642,versioning,miyanni,1
643,versioning,viananth,1
